,incentive,information,Merit_std,Wealth_std,Tuition_Prestige_Corr,Total_Revenue
0,0.0,No information,0.08759862997328223,0.29282538709871414,0.9999841832456055,28.66575031481891
1,0.0,No information,0.08368608037213977,0.2944235516746484,0.9610170127134443,29.347645229336017
2,0.0,No information,0.09614998113055283,0.3007909081771927,0.8794469996242611,40.68082545863476
3,0.0,No information,0.07982671210177877,0.28695696600390225,0.9999952211241008,30.233618203037366
4,0.0,No information,0.09556378786960534,0.28202494318705273,0.9999041372606787,78.51602587379722
5,0.0,No information,0.08768482171277173,0.29137178636103506,0.9848536679707638,129.5544229562839
6,0.0,No information,0.0843830781392509,0.2922196636709906,0.9690908058611627,41.12942537560915
7,0.0,No information,0.08538512941638741,0.2854169839621167,0.8941689628285087,41.98618414706965
8,0.0,No information,0.08921162070689302,0.28936417426742056,0.9922399434617862,135.80462104363423
9,0.0,No information,0.09184058550217458,0.3044264703336429,0.9978659616910487,54.80919672335647
10,0.0,Partial information,0.08915838981137549,0.2184918505359698,0.9734591341885646,57.551743960556756
11,0.0,Partial information,0.08784514229796572,0.1987361756191383,0.9931829435849832,38.51750006691681
12,0.0,Partial information,0.08712886702248611,0.1704871864315196,0.9309177218920551,37.92422857715593
13,0.0,Partial information,0.09209086431067484,0.26151680151228185,0.9858881698901816,116.61596688935566
14,0.0,Partial information,0.08395350862160433,0.27770713472705183,0.9804936365011391,123.99553962115797
15,0.0,Partial information,0.08782627405926287,0.2314294098838073,0.9839416536783493,77.55321448498916
16,0.0,Partial information,0.09363448250987175,0.2481343605616928,0.9916778171785305,92.88760011174956
17,0.0,Partial information,0.08522100383177827,0.2312342982546094,0.9678269625029323,61.619973580316596
18,0.0,Partial information,0.08392304134158934,0.2084568789837622,0.9770310157050068,48.43474930859955
19,0.0,Partial information,0.0799099112422888,0.20580349454440852,0.9734993071403133,65.11592782956876
20,0.0,Perfect information,0.08311920207422568,0.1433554713604231,0.9768702484343524,107.4052615348107
21,0.0,Perfect information,0.07754714431864979,0.14468796586342467,0.9821310367344397,83.92078689630222
22,0.0,Perfect information,0.08827374166488887,0.13772900870143534,0.9996284633474846,139.76785324540387
23,0.0,Perfect information,0.08474559289531361,0.14386673228754115,0.9906688901345799,44.96908964757387
24,0.0,Perfect information,0.0846020213123392,0.14578180925075146,0.9565707763898278,62.13213336804655
25,0.0,Perfect information,0.0962364788191181,0.1460837352793132,0.9920964079821916,147.83421266964706
26,0.0,Perfect information,0.0914876818718957,0.14074270545644196,0.9561372314928896,34.60916716693202
27,0.0,Perfect information,0.08434883915010571,0.15166054900929238,0.9705447710993812,83.80200940813282
28,0.0,Perfect information,0.07937544216786935,0.14879041457682085,0.96478160842557,60.64330528952128
29,0.0,Perfect information,0.08960248352873934,0.14346845653901566,0.9947142895262168,82.34241216686078
30,0.25,No information,0.031609723865704854,0.16290644076504995,0.5945708210754553,80.06064952253406
31,0.25,No information,0.04559963709983611,0.13610175034959807,0.6337760428925596,28.918301117357615
32,0.25,No information,0.03899145132332907,0.18463723823148692,0.9970751830105322,43.72637043827467
33,0.25,No information,0.10195853238165131,0.2940486705076244,0.989222756947691,172.74832655673148
34,0.25,No information,0.03221911575872878,0.1425222246509546,0.3768718625113784,92.10199026431678
35,0.25,No information,0.045680738775084405,0.13797513582983073,0.6193568847058328,28.543101190590015
36,0.25,No information,0.10101963405584291,0.285784890209798,0.9994877557822249,161.6512736524736
37,0.25,No information,0.019892159960755138,0.13379819953507655,-0.6177185112964407,56.06926099429076
38,0.25,No information,0.02541266621497946,0.1086275544205337,0.24620244731847318,58.85479082211104
39,0.25,No information,0.09787885615321243,0.2703165964256146,0.9912472269479654,127.46120266757109
40,0.25,Partial information,0.0591099177910301,0.20628341333249658,0.991534145283167,126.68428717010282
41,0.25,Partial information,0.11369822087365222,0.261492200269584,0.9925012552860086,173.2856171243596
42,0.25,Partial information,0.06022903215946629,0.1944076521033114,0.945701187158382,69.63822388040526
43,0.25,Partial information,0.07015732463504648,0.22940994160630715,0.9479803717544893,80.80034687105237
44,0.25,Partial information,0.06888889294607722,0.3212688614145657,0.9777966410458263,55.39839300717093
45,0.25,Partial information,0.07063249087536434,0.25997333463311684,0.7934690562354678,74.63973276145231
46,0.25,Partial information,0.07398764786115654,0.22064558312974675,0.9898599706339707,145.9658157944636
47,0.25,Partial information,0.05642080268661013,0.17319741420171852,0.40857368542921485,62.18536463128477
48,0.25,Partial information,0.060767561399736936,0.18041444163316006,0.9492453778469867,79.53770836632587
49,0.25,Partial information,0.06961310935122875,0.29514115546154135,0.9925490006602923,50.85886888545251
50,0.25,Perfect information,0.06487739337018575,0.28014996183172947,0.9921582991195708,101.22073350500938
51,0.25,Perfect information,0.07006539173973601,0.23748885285416357,0.9598422266495574,147.93228978931498
52,0.25,Perfect information,0.06879659803662733,0.30253349328080165,0.9858263229331737,72.28060082669148
53,0.25,Perfect information,0.0650130344539149,0.24436416901488744,0.9879718830799668,112.53961676936999
54,0.25,Perfect information,0.07885045882329396,0.2221448672053439,0.9792779479737852,72.03771130391624
55,0.25,Perfect information,0.05920795355319035,0.2100328095940899,0.9915561818616202,97.20285036031463
56,0.25,Perfect information,0.06733837822284218,0.27744372214363566,0.9986422935113327,104.55238157260158
57,0.25,Perfect information,0.07451976651798234,0.2482577022969487,0.9948868595574925,122.5566897849133
58,0.25,Perfect information,0.07458691421329304,0.2727529432773298,0.9951284501339517,83.64515399192045
59,0.25,Perfect information,0.07487566737431468,0.2684553396669852,0.9965687588129056,184.27959781571414
60,0.5,No information,0.03628389078528217,0.15048564045227994,-0.9202657257151362,100.3441041180505
61,0.5,No information,0.0347583759447954,0.16272245627101262,0.9785595660416503,122.42812366817255
62,0.5,No information,0.055931025489836146,0.11591886504550776,0.99794797455529,158.75411540759262
63,0.5,No information,0.04561272906695022,0.1084455309866315,-0.7616294711212148,176.20514589529523
64,0.5,No information,0.0459519792816195,0.14917211727065122,0.6186320316344518,29.290651614828707
65,0.5,No information,0.13460192035623542,0.254001401444137,0.9992588218633238,178.008008953427
66,0.5,No information,0.03441857503152225,0.17714412326647958,0.9838103504289583,90.26241137629202
67,0.5,No information,0.03609692768206448,0.1236858756761781,-0.5006553420959634,165.41910218060698
68,0.5,No information,0.12686377400477838,0.20526483948343874,0.9998823494448319,201.9685102747687
69,0.5,No information,0.035998475485215745,0.17688120487621695,-0.6848534137582082,131.30885925233648
70,0.5,Partial information,0.1018347471306634,0.1884608465923076,0.998216966551237,165.58119737165217
71,0.5,Partial information,0.11424235326170966,0.2510769486999866,0.9936197565274585,142.58978660861226
72,0.5,Partial information,0.12884585765152498,0.23735517361110747,0.9921008694731217,215.27719096366206
73,0.5,Partial information,0.09802368748738119,0.21237779752771754,0.9977826721710911,114.64740342627353
74,0.5,Partial information,0.09582884418599931,0.19938139351508496,0.995783724848558,161.04015399760036
75,0.5,Partial information,0.10852540539280978,0.2091434541968149,0.9984971328411534,202.00680007950356
76,0.5,Partial information,0.10823584217140267,0.2163917614781839,0.9972926354269441,139.39336812829214
77,0.5,Partial information,0.10819561499642863,0.3001022187656711,0.9884839128143248,95.09735177353417
78,0.5,Partial information,0.08800800820599289,0.1853492671372517,0.9760943570148727,132.31131857454204
79,0.5,Partial information,0.14461737744156095,0.2018715489436616,0.9744939750863132,224.01462169242802
80,0.5,Perfect information,0.07794486136573882,0.1501876033393947,0.9984652495761205,202.67016168452503
81,0.5,Perfect information,0.08482130385073133,0.17741060074726628,0.9985069483882797,225.49117385482515
82,0.5,Perfect information,0.10336112707835447,0.1871893702871002,0.9816915677046738,193.4853625748349
83,0.5,Perfect information,0.13473013347578153,0.2480148398500647,0.9533164075097812,150.13050004464208
84,0.5,Perfect information,0.14282331921856256,0.2717022906477331,0.9841590909832437,134.12287430342795
85,0.5,Perfect information,0.12651832355568085,0.23188033460935897,0.9944402470403,146.3054718463382
86,0.5,Perfect information,0.11173469863669186,0.17236496172798246,0.9876868520352182,220.15078770717548
87,0.5,Perfect information,0.13185150343762803,0.27168076733837887,0.9989642947689343,181.56495584526755
88,0.5,Perfect information,0.11326638636950556,0.2360735250147737,0.9686938102345912,103.12110225621633
89,0.5,Perfect information,0.09155841691842784,0.19911538962631123,0.9987250011754842,187.95400750685303
90,0.75,No information,0.047372666889985815,0.16375474233230014,0.9979503448378944,120.64807957729387
91,0.75,No information,0.16867874419155332,0.17046087764516865,0.9986778712188337,208.43318650358412
92,0.75,No information,0.12776900151006054,0.20881094837129818,0.9998997939011925,168.88380175354766
93,0.75,No information,0.09757363987821976,0.06570685156511713,0.7170372643712783,262.9562546984743
94,0.75,No information,0.11483939834543397,0.07452053501544437,0.3822843877135216,271.09273450254807
95,0.75,No information,0.12329530903827488,0.22123962066485156,0.9996367511225211,179.18326038288404
96,0.75,No information,0.1298184863443555,0.08484304323918501,0.9666417311395314,258.0634989090392
97,0.75,No information,0.19640717174367148,0.17165395847907883,0.9842539293300779,250.09461304467618
98,0.75,No information,0.047017409729338766,0.13136471958673274,0.9984711992070487,170.73209793627993
99,0.75,No information,0.04929639655467369,0.14428467929712502,0.9795411916621849,178.9520513973586
100,0.75,Partial information,0.0911588327345256,0.16399276901624704,0.9983371664174787,160.96525606807114
101,0.75,Partial information,0.14161538295882145,0.15616063551591378,0.9846563381591006,205.87440610866201
102,0.75,Partial information,0.14987008319714684,0.13936552660095405,0.9421107180475459,233.81728308944759
103,0.75,Partial information,0.13853070382650834,0.169636859414782,0.9974566798752792,254.3315412947016
104,0.75,Partial information,0.11766342355273181,0.2005241352919666,0.9986422837004207,144.80260762875034
105,0.75,Partial information,0.12585704361390782,0.13306358146056546,0.9815433945208382,228.78426104886134
106,0.75,Partial information,0.14288832381849853,0.20623563836549685,0.992930918429775,161.1433019487076
107,0.75,Partial information,0.14394612765432452,0.2302075581507926,0.998849715246353,152.65349642711863
108,0.75,Partial information,0.1557101294151196,0.1661957327920551,0.7389086843031025,226.203479647368
109,0.75,Partial information,0.16022138840734534,0.17707682020252669,0.9956626014767163,212.65899756614857
110,0.75,Perfect information,0.16849548447101903,0.10443408945864553,0.9973112917516522,264.8372368866498
111,0.75,Perfect information,0.1436570206754083,0.1857993148069647,0.9984756135350975,236.11179729598194
112,0.75,Perfect information,0.08543299623267298,0.12293062768841041,-0.6209447695060707,216.08878642092023
113,0.75,Perfect information,0.15171577698099703,0.1685260531617915,0.9994014587219665,238.8318617730235
114,0.75,Perfect information,0.20369955434554082,0.2207503840316786,0.9657393053217452,196.33293029663486
115,0.75,Perfect information,0.09884613587510227,0.16557194448209048,0.9362403064450131,182.59339991775886
116,0.75,Perfect information,0.1487580328082422,0.17091279845336182,0.998430423129064,225.31477503496635
117,0.75,Perfect information,0.15164572789725586,0.1771062273221449,0.968625763511125,228.9590597971039
118,0.75,Perfect information,0.17087118785754118,0.1818603381760337,0.9953735855099246,187.01467278177154
119,0.75,Perfect information,0.142516249413348,0.14807750881948742,0.9493192869395869,220.5822414387282
120,1.0,No information,0.07056325973135345,0.05040847659661488,0.11592850536146547,253.01514808525783
121,1.0,No information,0.07932596840898522,0.06747355422825643,-0.173594505506803,249.71889671801443
122,1.0,No information,0.06417577306990166,0.05346928843490558,-0.0015506621845801022,261.65843613853053
123,1.0,No information,0.05581322237033206,0.10526195123815077,-0.6564063878086633,231.48099724272342
124,1.0,No information,0.05748701637322975,0.13846382552561523,0.9627497969879926,211.95113771602658
125,1.0,No information,0.10195227908640551,0.07244586437227714,0.9377957949459307,263.2605507799942
126,1.0,No information,0.058156002624358404,0.10112497724661855,0.3734951718304175,242.495285961761
127,1.0,No information,0.1411699889930406,0.0337278411245714,0.9847232254802935,298.88703257991557
128,1.0,No information,0.06736565493208604,0.14163296762059713,-0.5387374990528566,234.24065339419468
129,1.0,No information,0.1369934466594262,0.03829329770207943,0.9521029523424982,282.41845958636884
130,1.0,Partial information,0.061203420475573055,0.19609004836407937,0.9931997374805177,152.42756880660787
131,1.0,Partial information,0.11646306992220659,0.04813870623550594,0.5450376887687407,279.014852172282
132,1.0,Partial information,0.1905736222072809,0.13947900927969625,0.9975814900847624,254.84844186854642
133,1.0,Partial information,0.090167390605019,0.12611289875998882,0.9914992195962572,205.47124005121455
134,1.0,Partial information,0.12626237317090833,0.04112305003183279,0.8934741355531998,284.0217720343392
135,1.0,Partial information,0.18577566074929552,0.11983338232305088,0.9967893973281152,301.47727113336805
136,1.0,Partial information,0.15310901504250465,0.18703853446151955,0.9980801662726024,214.02746922547513
137,1.0,Partial information,0.06291124286956033,0.07887352448173124,-0.10420276362235946,248.80184503733022
138,1.0,Partial information,0.11963603154448502,0.14451485472122708,0.9938841729030242,222.27629841246255
139,1.0,Partial information,0.08136059544418985,0.1765086796042569,0.9971978432629186,197.2571472934708
140,1.0,Perfect information,0.14121846822885026,0.039723198582439646,0.912476037082981,310.6624253089974
141,1.0,Perfect information,0.1323356185745528,0.14324567008936856,0.9971192599859202,208.2042864089203
142,1.0,Perfect information,0.17211568110434275,0.10383643541957781,0.9924039318946998,304.4334743010004
143,1.0,Perfect information,0.10100508526209462,0.11576403020200954,0.9776297410017195,207.5567330230511
144,1.0,Perfect information,0.19702119369205326,0.18800189839729806,0.9980457182961285,292.0186906381585
145,1.0,Perfect information,0.17539067888995336,0.14609790890459204,0.99920304014995,297.2732500704607
146,1.0,Perfect information,0.15108616319342388,0.13613132229211672,0.9980546978915062,293.2496063889415
147,1.0,Perfect information,0.1638040140753168,0.10986870436069165,0.9950919184819907,309.1488993630087
148,1.0,Perfect information,0.1214804736058513,0.16952564847118629,0.9939404604289428,217.3660696779458
149,1.0,Perfect information,0.12411055494789866,0.049028248889903654,0.23870767129350529,287.1150549479736
